stage,step,mean_loss
selected epoch 4,0,0.27208974066306835
continuation epoch 1,1,0.22893006689846512
continuation epoch 2,2,0.201771442713798
