epoch,steps,mean_loss,min_loss,max_loss,last_loss
0,200,0.374933,0.003649,5.208296,0.626564
1,200,0.311001,0.005273,3.297210,0.036028
2,200,0.316504,0.003390,3.110949,0.022975
3,200,0.290187,0.005096,3.359233,0.007366
4,200,0.272090,0.003003,3.231228,1.243636
